,ID,answer_0,answer_1,answer_2,answer_3
0,TEST_0000,0,1,2,3
1,TEST_0001,0,3,1,2
2,TEST_0002,0,3,2,1
3,TEST_0003,3,0,2,1
4,TEST_0004,0,2,1,3
5,TEST_0005,1,0,2,3
6,TEST_0006,0,1,2,3
7,TEST_0007,3,1,2,0
8,TEST_0008,1,3,2,0
9,TEST_0009,0,3,2,1
10,TEST_0010,3,0,2,1
11,TEST_0011,2,0,1,3
12,TEST_0012,2,0,1,3
13,TEST_0013,2,3,0,1
14,TEST_0014,1,3,0,2
15,TEST_0015,0,1,2,3
16,TEST_0016,0,2,1,3
17,TEST_0017,2,1,0,3
18,TEST_0018,0,2,3,1
19,TEST_0019,2,3,0,1
20,TEST_0020,0,1,2,3
21,TEST_0021,1,3,0,2
22,TEST_0022,0,3,2,1
23,TEST_0023,2,0,1,3
24,TEST_0024,3,0,2,1
25,TEST_0025,2,3,0,1
26,TEST_0026,1,2,0,3
27,TEST_0027,1,2,3,0
28,TEST_0028,0,1,2,3
29,TEST_0029,3,0,1,2
30,TEST_0030,0,2,3,1
31,TEST_0031,2,1,0,3
32,TEST_0032,0,2,1,3
33,TEST_0033,2,0,3,1
34,TEST_0034,0,3,2,1
35,TEST_0035,1,0,3,2
36,TEST_0036,3,0,2,1
37,TEST_0037,0,1,3,2
38,TEST_0038,2,0,1,3
39,TEST_0039,1,0,2,3
40,TEST_0040,1,3,0,2
41,TEST_0041,2,1,0,3
42,TEST_0042,3,0,1,2
43,TEST_0043,2,1,0,3
44,TEST_0044,0,2,3,1
45,TEST_0045,0,2,3,1
46,TEST_0046,1,3,0,2
47,TEST_0047,1,2,0,3
48,TEST_0048,3,1,2,0
49,TEST_0049,3,2,0,1
50,TEST_0050,3,2,1,0
51,TEST_0051,3,0,2,1
52,TEST_0052,0,2,3,1
53,TEST_0053,1,3,2,0
54,TEST_0054,0,1,2,3
55,TEST_0055,0,2,1,3
56,TEST_0056,1,0,3,2
57,TEST_0057,3,1,0,2
58,TEST_0058,1,0,2,3
59,TEST_0059,0,1,2,3
60,TEST_0060,0,2,1,3
61,TEST_0061,1,2,0,3
62,TEST_0062,1,2,3,0
63,TEST_0063,3,1,0,2
64,TEST_0064,0,3,2,1
65,TEST_0065,0,2,3,1
66,TEST_0066,1,0,2,3
67,TEST_0067,0,3,1,2
68,TEST_0068,1,2,0,3
69,TEST_0069,2,3,0,1
70,TEST_0070,1,2,0,3
71,TEST_0071,2,3,1,0
72,TEST_0072,1,2,3,0
73,TEST_0073,3,0,1,2
74,TEST_0074,0,2,3,1
75,TEST_0075,1,0,3,2
76,TEST_0076,3,2,0,1
77,TEST_0077,2,1,0,3
78,TEST_0078,0,3,2,1
79,TEST_0079,0,3,2,1
80,TEST_0080,0,2,1,3
81,TEST_0081,0,1,2,3
82,TEST_0082,1,2,0,3
83,TEST_0083,3,2,0,1
84,TEST_0084,0,1,3,2
85,TEST_0085,2,3,1,0
86,TEST_0086,3,1,0,2
87,TEST_0087,2,0,1,3
88,TEST_0088,1,3,0,2
89,TEST_0089,1,2,3,0
90,TEST_0090,0,1,2,3
91,TEST_0091,0,2,1,3
92,TEST_0092,0,2,1,3
93,TEST_0093,2,3,1,0
94,TEST_0094,0,2,3,1
95,TEST_0095,0,1,3,2
96,TEST_0096,3,0,1,2
97,TEST_0097,2,1,3,0
98,TEST_0098,2,3,0,1
99,TEST_0099,1,2,0,3
100,TEST_0100,0,1,3,2
101,TEST_0101,0,1,3,2
102,TEST_0102,0,1,3,2
103,TEST_0103,1,2,3,0
104,TEST_0104,3,1,2,0
105,TEST_0105,3,2,1,0
106,TEST_0106,0,1,3,2
107,TEST_0107,2,1,0,3
108,TEST_0108,1,0,3,2
109,TEST_0109,1,2,0,3
110,TEST_0110,1,2,3,0
111,TEST_0111,3,0,1,2
112,TEST_0112,1,2,3,0
113,TEST_0113,0,1,2,3
114,TEST_0114,0,3,1,2
115,TEST_0115,2,1,0,3
116,TEST_0116,0,1,2,3
117,TEST_0117,3,0,1,2
118,TEST_0118,0,3,1,2
119,TEST_0119,3,0,1,2
120,TEST_0120,0,3,2,1
121,TEST_0121,0,1,3,2
122,TEST_0122,2,1,0,3
123,TEST_0123,3,1,2,0
124,TEST_0124,1,3,2,0
125,TEST_0125,1,2,3,0
126,TEST_0126,2,1,3,0
127,TEST_0127,1,2,0,3
128,TEST_0128,0,3,1,2
129,TEST_0129,0,1,3,2
130,TEST_0130,1,0,2,3
131,TEST_0131,2,3,1,0
132,TEST_0132,0,2,3,1
133,TEST_0133,1,0,2,3
134,TEST_0134,0,1,2,3
135,TEST_0135,0,1,3,2
136,TEST_0136,3,1,2,0
137,TEST_0137,0,1,2,3
138,TEST_0138,2,3,0,1
139,TEST_0139,2,0,1,3
140,TEST_0140,3,0,1,2
141,TEST_0141,1,3,2,0
142,TEST_0142,0,2,1,3
143,TEST_0143,1,3,2,0
144,TEST_0144,3,1,2,0
145,TEST_0145,0,3,2,1
146,TEST_0146,0,3,2,1
147,TEST_0147,1,0,3,2
148,TEST_0148,0,2,3,1
149,TEST_0149,2,1,0,3
150,TEST_0150,2,0,1,3
151,TEST_0151,1,3,0,2
152,TEST_0152,0,1,3,2
153,TEST_0153,2,1,3,0
154,TEST_0154,2,3,0,1
155,TEST_0155,2,3,0,1
156,TEST_0156,3,0,2,1
157,TEST_0157,2,3,0,1
158,TEST_0158,0,1,2,3
159,TEST_0159,2,1,3,0
160,TEST_0160,0,3,2,1
161,TEST_0161,3,1,0,2
162,TEST_0162,2,1,0,3
163,TEST_0163,3,0,2,1
164,TEST_0164,0,1,2,3
165,TEST_0165,3,0,2,1
166,TEST_0166,1,2,3,0
167,TEST_0167,2,3,1,0
168,TEST_0168,1,0,3,2
169,TEST_0169,3,2,1,0
170,TEST_0170,0,1,3,2
171,TEST_0171,1,3,2,0
172,TEST_0172,1,2,3,0
173,TEST_0173,0,1,2,3
174,TEST_0174,2,0,1,3
175,TEST_0175,0,1,3,2
176,TEST_0176,0,3,1,2
177,TEST_0177,2,1,0,3
178,TEST_0178,1,3,2,0
179,TEST_0179,0,1,2,3
180,TEST_0180,1,3,0,2
181,TEST_0181,2,0,1,3
182,TEST_0182,1,3,2,0
183,TEST_0183,3,1,2,0
184,TEST_0184,2,1,3,0
185,TEST_0185,0,1,3,2
186,TEST_0186,1,2,3,0
187,TEST_0187,3,0,2,1
188,TEST_0188,0,2,1,3
189,TEST_0189,3,0,2,1
190,TEST_0190,2,3,0,1
191,TEST_0191,1,3,0,2
192,TEST_0192,1,3,0,2
193,TEST_0193,1,2,3,0
194,TEST_0194,2,1,3,0
195,TEST_0195,0,1,3,2
196,TEST_0196,1,0,3,2
197,TEST_0197,1,2,3,0
198,TEST_0198,1,3,0,2
199,TEST_0199,1,0,2,3
200,TEST_0200,0,2,3,1
201,TEST_0201,3,0,2,1
202,TEST_0202,0,1,2,3
203,TEST_0203,2,0,1,3
204,TEST_0204,1,2,0,3
205,TEST_0205,1,3,0,2
206,TEST_0206,2,0,3,1
207,TEST_0207,1,0,2,3
208,TEST_0208,2,3,1,0
209,TEST_0209,2,1,0,3
210,TEST_0210,3,0,1,2
211,TEST_0211,3,1,2,0
212,TEST_0212,0,1,3,2
213,TEST_0213,2,3,1,0
214,TEST_0214,1,2,0,3
215,TEST_0215,1,2,3,0
216,TEST_0216,0,3,2,1
217,TEST_0217,2,1,3,0
218,TEST_0218,2,0,1,3
219,TEST_0219,3,0,1,2
220,TEST_0220,2,0,1,3
221,TEST_0221,1,2,3,0
222,TEST_0222,0,2,3,1
223,TEST_0223,0,3,2,1
224,TEST_0224,0,1,2,3
225,TEST_0225,1,2,3,0
226,TEST_0226,0,3,2,1
227,TEST_0227,1,3,0,2
228,TEST_0228,1,0,2,3
229,TEST_0229,1,2,0,3
230,TEST_0230,2,3,0,1
231,TEST_0231,2,0,3,1
232,TEST_0232,0,3,1,2
233,TEST_0233,3,1,0,2
234,TEST_0234,0,1,3,2
235,TEST_0235,2,1,3,0
236,TEST_0236,3,0,2,1
237,TEST_0237,2,1,0,3
238,TEST_0238,1,0,2,3
239,TEST_0239,2,0,1,3
240,TEST_0240,2,3,1,0
241,TEST_0241,3,0,1,2
242,TEST_0242,3,1,2,0
243,TEST_0243,1,3,0,2
244,TEST_0244,1,3,2,0
245,TEST_0245,1,0,3,2
246,TEST_0246,0,2,3,1
247,TEST_0247,3,0,2,1
248,TEST_0248,0,1,2,3
249,TEST_0249,1,2,3,0
250,TEST_0250,1,2,3,0
251,TEST_0251,0,2,1,3
252,TEST_0252,0,3,2,1
253,TEST_0253,2,3,1,0
254,TEST_0254,0,1,2,3
255,TEST_0255,3,0,1,2
256,TEST_0256,3,0,1,2
257,TEST_0257,2,3,1,0
258,TEST_0258,1,3,0,2
259,TEST_0259,2,3,0,1
260,TEST_0260,1,2,3,0
261,TEST_0261,0,2,1,3
262,TEST_0262,0,2,1,3
263,TEST_0263,2,3,0,1
264,TEST_0264,3,2,0,1
265,TEST_0265,1,2,0,3
266,TEST_0266,0,3,1,2
267,TEST_0267,0,1,3,2
268,TEST_0268,1,0,2,3
269,TEST_0269,2,3,0,1
270,TEST_0270,0,1,2,3
271,TEST_0271,0,1,3,2
272,TEST_0272,0,3,1,2
273,TEST_0273,2,0,3,1
274,TEST_0274,0,1,3,2
275,TEST_0275,0,1,3,2
276,TEST_0276,0,1,2,3
277,TEST_0277,1,0,2,3
278,TEST_0278,3,0,1,2
279,TEST_0279,1,3,2,0
280,TEST_0280,2,0,3,1
281,TEST_0281,2,3,0,1
282,TEST_0282,1,2,3,0
283,TEST_0283,2,0,3,1
284,TEST_0284,1,0,2,3
285,TEST_0285,0,3,1,2
286,TEST_0286,3,0,1,2
287,TEST_0287,2,3,0,1
288,TEST_0288,2,0,1,3
289,TEST_0289,0,2,3,1
290,TEST_0290,3,0,1,2
291,TEST_0291,0,2,3,1
292,TEST_0292,0,1,3,2
293,TEST_0293,0,1,3,2
294,TEST_0294,3,0,2,1
295,TEST_0295,2,0,1,3
296,TEST_0296,2,0,1,3
297,TEST_0297,2,0,1,3
298,TEST_0298,2,1,3,0
299,TEST_0299,2,1,0,3
300,TEST_0300,0,2,3,1
301,TEST_0301,3,1,0,2
302,TEST_0302,3,0,2,1
303,TEST_0303,3,0,1,2
304,TEST_0304,0,2,3,1
305,TEST_0305,0,1,3,2
306,TEST_0306,3,1,2,0
307,TEST_0307,0,1,2,3
308,TEST_0308,0,2,3,1
309,TEST_0309,2,0,1,3
310,TEST_0310,0,1,2,3
311,TEST_0311,2,3,1,0
312,TEST_0312,3,1,0,2
313,TEST_0313,3,0,1,2
314,TEST_0314,0,2,3,1
315,TEST_0315,0,1,2,3
316,TEST_0316,3,1,2,0
317,TEST_0317,2,0,3,1
318,TEST_0318,2,3,0,1
319,TEST_0319,2,0,1,3
320,TEST_0320,0,1,3,2
321,TEST_0321,0,2,3,1
322,TEST_0322,1,0,2,3
323,TEST_0323,1,3,0,2
324,TEST_0324,3,0,1,2
325,TEST_0325,0,3,2,1
326,TEST_0326,3,0,2,1
327,TEST_0327,1,2,3,0
328,TEST_0328,1,2,0,3
329,TEST_0329,1,0,2,3
330,TEST_0330,0,3,2,1
331,TEST_0331,0,1,2,3
332,TEST_0332,2,0,1,3
333,TEST_0333,0,3,1,2
334,TEST_0334,1,0,3,2
335,TEST_0335,3,0,1,2
336,TEST_0336,2,0,1,3
337,TEST_0337,1,2,0,3
338,TEST_0338,1,2,3,0
339,TEST_0339,0,1,2,3
340,TEST_0340,0,1,2,3
341,TEST_0341,2,3,0,1
342,TEST_0342,1,0,2,3
343,TEST_0343,0,1,3,2
344,TEST_0344,0,2,1,3
345,TEST_0345,0,1,3,2
346,TEST_0346,1,2,3,0
347,TEST_0347,0,1,2,3
348,TEST_0348,0,1,3,2
349,TEST_0349,2,0,1,3
350,TEST_0350,1,3,0,2
351,TEST_0351,1,3,2,0
352,TEST_0352,0,1,2,3
353,TEST_0353,3,0,2,1
354,TEST_0354,3,0,1,2
355,TEST_0355,2,0,1,3
356,TEST_0356,1,3,0,2
357,TEST_0357,3,0,2,1
358,TEST_0358,3,0,2,1
359,TEST_0359,0,2,1,3
360,TEST_0360,2,0,1,3
361,TEST_0361,2,1,3,0
362,TEST_0362,1,2,3,0
363,TEST_0363,0,3,1,2
364,TEST_0364,1,0,2,3
365,TEST_0365,0,1,3,2
366,TEST_0366,0,3,1,2
367,TEST_0367,1,3,2,0
368,TEST_0368,1,0,2,3
369,TEST_0369,3,1,2,0
370,TEST_0370,3,0,1,2
371,TEST_0371,0,2,3,1
372,TEST_0372,2,0,3,1
373,TEST_0373,0,2,3,1
374,TEST_0374,2,0,1,3
375,TEST_0375,0,3,2,1
376,TEST_0376,0,3,1,2
377,TEST_0377,0,1,2,3
378,TEST_0378,1,3,0,2
379,TEST_0379,0,1,2,3
380,TEST_0380,2,3,1,0
381,TEST_0381,0,3,2,1
382,TEST_0382,0,1,3,2
383,TEST_0383,0,3,1,2
384,TEST_0384,1,3,0,2
385,TEST_0385,3,0,2,1
386,TEST_0386,0,2,1,3
387,TEST_0387,2,0,1,3
388,TEST_0388,0,1,2,3
389,TEST_0389,0,2,1,3
390,TEST_0390,0,3,1,2
391,TEST_0391,0,1,2,3
392,TEST_0392,1,2,3,0
393,TEST_0393,0,1,3,2
394,TEST_0394,2,0,3,1
395,TEST_0395,0,1,2,3
396,TEST_0396,2,1,3,0
397,TEST_0397,1,2,0,3
398,TEST_0398,1,3,2,0
399,TEST_0399,1,0,2,3
400,TEST_0400,2,1,3,0
401,TEST_0401,1,3,2,0
402,TEST_0402,2,1,3,0
403,TEST_0403,0,1,2,3
404,TEST_0404,2,0,1,3
405,TEST_0405,0,1,3,2
406,TEST_0406,2,0,1,3
407,TEST_0407,3,1,0,2
408,TEST_0408,1,0,3,2
409,TEST_0409,2,0,1,3
410,TEST_0410,0,3,2,1
411,TEST_0411,2,1,0,3
412,TEST_0412,1,2,3,0
413,TEST_0413,0,3,1,2
414,TEST_0414,1,2,0,3
415,TEST_0415,2,3,1,0
416,TEST_0416,0,1,3,2
417,TEST_0417,2,1,3,0
418,TEST_0418,1,2,3,0
419,TEST_0419,2,3,0,1
420,TEST_0420,0,2,3,1
421,TEST_0421,2,3,0,1
422,TEST_0422,1,3,2,0
423,TEST_0423,0,3,2,1
424,TEST_0424,3,0,2,1
425,TEST_0425,0,1,2,3
426,TEST_0426,2,1,3,0
427,TEST_0427,2,0,1,3
428,TEST_0428,0,1,3,2
429,TEST_0429,2,3,1,0
430,TEST_0430,0,1,2,3
431,TEST_0431,0,1,2,3
432,TEST_0432,3,1,0,2
433,TEST_0433,3,0,2,1
434,TEST_0434,0,1,3,2
435,TEST_0435,2,0,3,1
436,TEST_0436,1,3,2,0
437,TEST_0437,1,0,3,2
438,TEST_0438,2,1,3,0
439,TEST_0439,0,1,2,3
440,TEST_0440,1,0,2,3
441,TEST_0441,0,1,2,3
442,TEST_0442,2,1,3,0
443,TEST_0443,3,2,1,0
444,TEST_0444,1,0,2,3
445,TEST_0445,3,0,1,2
446,TEST_0446,1,3,0,2
447,TEST_0447,0,1,2,3
448,TEST_0448,0,1,2,3
449,TEST_0449,1,0,3,2
450,TEST_0450,3,2,1,0
451,TEST_0451,0,1,2,3
452,TEST_0452,0,1,3,2
453,TEST_0453,1,2,3,0
454,TEST_0454,0,2,3,1
455,TEST_0455,2,1,0,3
456,TEST_0456,0,1,3,2
457,TEST_0457,0,3,2,1
458,TEST_0458,0,1,2,3
459,TEST_0459,0,1,3,2
460,TEST_0460,2,3,0,1
461,TEST_0461,0,1,2,3
462,TEST_0462,3,1,2,0
463,TEST_0463,0,1,2,3
464,TEST_0464,1,0,3,2
465,TEST_0465,3,0,2,1
466,TEST_0466,0,1,2,3
467,TEST_0467,1,3,2,0
468,TEST_0468,3,0,1,2
469,TEST_0469,3,1,2,0
470,TEST_0470,3,0,1,2
471,TEST_0471,0,1,2,3
472,TEST_0472,1,2,3,0
473,TEST_0473,2,3,0,1
474,TEST_0474,1,0,2,3
475,TEST_0475,2,1,3,0
476,TEST_0476,3,1,2,0
477,TEST_0477,2,0,1,3
478,TEST_0478,3,2,0,1
479,TEST_0479,2,3,0,1
480,TEST_0480,0,1,2,3
481,TEST_0481,0,1,3,2
482,TEST_0482,2,3,1,0
483,TEST_0483,1,2,0,3
484,TEST_0484,0,3,2,1
485,TEST_0485,3,0,2,1
486,TEST_0486,3,2,0,1
487,TEST_0487,3,0,1,2
488,TEST_0488,2,1,0,3
489,TEST_0489,0,1,2,3
490,TEST_0490,0,3,2,1
491,TEST_0491,0,1,2,3
492,TEST_0492,3,0,1,2
493,TEST_0493,0,1,2,3
494,TEST_0494,0,2,3,1
495,TEST_0495,0,1,2,3
496,TEST_0496,2,3,0,1
497,TEST_0497,1,0,2,3
498,TEST_0498,0,3,1,2
499,TEST_0499,0,1,3,2
500,TEST_0500,0,1,2,3
501,TEST_0501,3,0,2,1
502,TEST_0502,1,2,3,0
503,TEST_0503,0,1,3,2
504,TEST_0504,0,1,2,3
505,TEST_0505,3,0,2,1
506,TEST_0506,0,1,2,3
507,TEST_0507,1,2,0,3
508,TEST_0508,1,2,3,0
509,TEST_0509,0,1,3,2
510,TEST_0510,1,0,2,3
511,TEST_0511,0,1,2,3
512,TEST_0512,3,2,0,1
513,TEST_0513,2,1,0,3
514,TEST_0514,3,1,2,0
515,TEST_0515,0,2,3,1
516,TEST_0516,0,2,3,1
517,TEST_0517,3,1,2,0
518,TEST_0518,0,1,2,3
519,TEST_0519,0,3,2,1
520,TEST_0520,3,0,2,1
521,TEST_0521,0,1,2,3
522,TEST_0522,3,0,2,1
523,TEST_0523,0,3,2,1
524,TEST_0524,0,1,2,3
525,TEST_0525,2,3,0,1
526,TEST_0526,0,1,2,3
527,TEST_0527,2,0,3,1
528,TEST_0528,2,3,0,1
529,TEST_0529,1,3,0,2
530,TEST_0530,0,2,3,1
531,TEST_0531,3,0,2,1
532,TEST_0532,0,1,2,3
533,TEST_0533,0,3,2,1
534,TEST_0534,2,3,1,0
535,TEST_0535,1,0,2,3
536,TEST_0536,0,1,2,3
537,TEST_0537,1,0,3,2
538,TEST_0538,1,3,2,0
539,TEST_0539,3,0,1,2
540,TEST_0540,1,0,2,3
541,TEST_0541,0,3,2,1
542,TEST_0542,1,3,2,0
543,TEST_0543,0,1,3,2
544,TEST_0544,1,2,0,3
545,TEST_0545,1,3,0,2
546,TEST_0546,2,3,1,0
547,TEST_0547,1,2,0,3
548,TEST_0548,2,3,0,1
549,TEST_0549,1,2,0,3
550,TEST_0550,2,0,1,3
551,TEST_0551,2,0,1,3
552,TEST_0552,1,0,2,3
553,TEST_0553,3,2,1,0
554,TEST_0554,0,1,2,3
555,TEST_0555,2,3,1,0
556,TEST_0556,1,0,2,3
557,TEST_0557,0,3,2,1
558,TEST_0558,1,2,0,3
559,TEST_0559,1,0,3,2
560,TEST_0560,0,1,3,2
561,TEST_0561,3,0,2,1
562,TEST_0562,1,3,0,2
563,TEST_0563,1,3,2,0
564,TEST_0564,0,1,3,2
565,TEST_0565,0,3,1,2
566,TEST_0566,0,1,2,3
567,TEST_0567,0,1,3,2
568,TEST_0568,2,3,0,1
569,TEST_0569,0,1,3,2
570,TEST_0570,2,0,3,1
571,TEST_0571,3,2,1,0
572,TEST_0572,2,3,1,0
573,TEST_0573,3,0,1,2
574,TEST_0574,1,3,0,2
575,TEST_0575,3,1,0,2
576,TEST_0576,0,1,3,2
577,TEST_0577,0,1,2,3
578,TEST_0578,0,2,1,3
579,TEST_0579,2,3,0,1
580,TEST_0580,2,1,0,3
581,TEST_0581,2,1,3,0
582,TEST_0582,1,0,2,3
583,TEST_0583,3,0,1,2
584,TEST_0584,1,0,3,2
585,TEST_0585,3,0,2,1
586,TEST_0586,0,1,3,2
587,TEST_0587,1,2,3,0
588,TEST_0588,2,1,3,0
589,TEST_0589,0,3,1,2
590,TEST_0590,0,2,3,1
591,TEST_0591,3,1,0,2
592,TEST_0592,0,3,1,2
593,TEST_0593,1,2,3,0
594,TEST_0594,1,3,0,2
595,TEST_0595,3,0,2,1
596,TEST_0596,0,1,2,3
597,TEST_0597,1,0,2,3
598,TEST_0598,3,0,1,2
599,TEST_0599,1,3,0,2
600,TEST_0600,2,3,0,1
601,TEST_0601,3,2,0,1
602,TEST_0602,0,2,3,1
603,TEST_0603,0,3,1,2
604,TEST_0604,1,3,2,0
605,TEST_0605,0,1,3,2
606,TEST_0606,0,3,1,2
607,TEST_0607,3,0,2,1
608,TEST_0608,3,0,2,1
609,TEST_0609,0,1,3,2
610,TEST_0610,1,2,3,0
611,TEST_0611,1,2,0,3
612,TEST_0612,0,1,3,2
613,TEST_0613,1,2,3,0
614,TEST_0614,1,0,2,3
615,TEST_0615,3,0,2,1
616,TEST_0616,2,1,0,3
617,TEST_0617,2,1,3,0
618,TEST_0618,0,1,2,3
619,TEST_0619,0,2,1,3
620,TEST_0620,2,0,1,3
621,TEST_0621,3,0,1,2
622,TEST_0622,3,2,1,0
623,TEST_0623,0,1,3,2
624,TEST_0624,1,0,2,3
625,TEST_0625,2,0,1,3
626,TEST_0626,2,0,1,3
627,TEST_0627,1,0,2,3
628,TEST_0628,0,1,2,3
629,TEST_0629,3,2,0,1
630,TEST_0630,0,2,1,3
631,TEST_0631,1,2,0,3
632,TEST_0632,3,0,1,2
633,TEST_0633,1,3,0,2
634,TEST_0634,3,1,2,0
635,TEST_0635,0,3,1,2
636,TEST_0636,1,3,0,2
637,TEST_0637,0,2,1,3
638,TEST_0638,3,1,2,0
639,TEST_0639,1,0,2,3
640,TEST_0640,2,3,1,0
641,TEST_0641,3,0,1,2
642,TEST_0642,2,3,0,1
643,TEST_0643,0,2,1,3
644,TEST_0644,1,3,2,0
645,TEST_0645,0,3,1,2
646,TEST_0646,2,1,0,3
647,TEST_0647,2,3,1,0
648,TEST_0648,1,3,2,0
649,TEST_0649,0,3,1,2
650,TEST_0650,1,3,2,0
651,TEST_0651,1,0,3,2
652,TEST_0652,1,3,2,0
653,TEST_0653,0,1,3,2
654,TEST_0654,0,3,2,1
655,TEST_0655,2,3,1,0
656,TEST_0656,1,2,3,0
657,TEST_0657,0,1,2,3
658,TEST_0658,0,1,2,3
659,TEST_0659,0,2,1,3
660,TEST_0660,3,0,2,1
661,TEST_0661,2,3,0,1
662,TEST_0662,1,0,3,2
663,TEST_0663,0,2,3,1
664,TEST_0664,3,0,1,2
665,TEST_0665,3,2,0,1
666,TEST_0666,3,0,2,1
667,TEST_0667,1,3,0,2
668,TEST_0668,1,2,0,3
669,TEST_0669,1,0,2,3
670,TEST_0670,0,1,2,3
671,TEST_0671,3,2,1,0
672,TEST_0672,0,2,1,3
673,TEST_0673,2,3,0,1
674,TEST_0674,1,2,3,0
675,TEST_0675,0,2,1,3
676,TEST_0676,1,0,3,2
677,TEST_0677,1,2,0,3
678,TEST_0678,3,0,2,1
679,TEST_0679,1,0,3,2
680,TEST_0680,1,0,3,2
681,TEST_0681,3,0,2,1
682,TEST_0682,0,1,3,2
683,TEST_0683,0,1,2,3
684,TEST_0684,2,0,3,1
685,TEST_0685,3,2,1,0
686,TEST_0686,1,2,3,0
687,TEST_0687,2,3,0,1
688,TEST_0688,0,3,1,2
689,TEST_0689,2,0,1,3
690,TEST_0690,3,0,2,1
691,TEST_0691,0,1,2,3
692,TEST_0692,0,3,2,1
693,TEST_0693,1,0,3,2
694,TEST_0694,0,3,1,2
695,TEST_0695,0,2,1,3
696,TEST_0696,3,0,2,1
697,TEST_0697,2,0,1,3
698,TEST_0698,2,0,3,1
699,TEST_0699,0,1,2,3
700,TEST_0700,0,2,1,3
701,TEST_0701,1,0,2,3
702,TEST_0702,3,0,1,2
703,TEST_0703,0,1,2,3
704,TEST_0704,0,1,3,2
705,TEST_0705,1,0,3,2
706,TEST_0706,0,1,3,2
707,TEST_0707,1,0,3,2
708,TEST_0708,0,1,2,3
709,TEST_0709,2,1,3,0
710,TEST_0710,2,3,1,0
711,TEST_0711,1,2,0,3
712,TEST_0712,3,1,0,2
713,TEST_0713,0,1,3,2
714,TEST_0714,3,0,1,2
715,TEST_0715,0,3,1,2
716,TEST_0716,3,2,0,1
717,TEST_0717,2,0,1,3
718,TEST_0718,0,1,3,2
719,TEST_0719,1,3,2,0
720,TEST_0720,1,2,0,3
721,TEST_0721,1,3,2,0
722,TEST_0722,2,0,3,1
723,TEST_0723,2,0,1,3
724,TEST_0724,0,1,2,3
725,TEST_0725,1,3,2,0
726,TEST_0726,0,3,2,1
727,TEST_0727,0,2,1,3
728,TEST_0728,1,0,3,2
729,TEST_0729,3,1,2,0
730,TEST_0730,0,3,1,2
731,TEST_0731,0,3,1,2
732,TEST_0732,0,1,2,3
733,TEST_0733,0,3,2,1
734,TEST_0734,1,2,3,0
735,TEST_0735,0,2,3,1
736,TEST_0736,3,0,1,2
737,TEST_0737,1,2,0,3
738,TEST_0738,2,1,0,3
739,TEST_0739,0,1,3,2
740,TEST_0740,0,2,3,1
741,TEST_0741,0,1,3,2
742,TEST_0742,3,1,0,2
743,TEST_0743,3,0,2,1
744,TEST_0744,3,0,1,2
745,TEST_0745,1,2,3,0
746,TEST_0746,1,2,3,0
747,TEST_0747,0,1,3,2
748,TEST_0748,0,1,2,3
749,TEST_0749,2,0,1,3
750,TEST_0750,0,3,2,1
751,TEST_0751,1,0,2,3
752,TEST_0752,2,0,1,3
753,TEST_0753,2,1,3,0
754,TEST_0754,0,3,1,2
755,TEST_0755,0,1,2,3
756,TEST_0756,1,0,2,3
757,TEST_0757,3,0,1,2
758,TEST_0758,0,1,2,3
759,TEST_0759,0,1,3,2
760,TEST_0760,0,1,2,3
761,TEST_0761,2,3,0,1
762,TEST_0762,2,3,1,0
763,TEST_0763,1,2,3,0
764,TEST_0764,3,0,2,1
765,TEST_0765,2,0,3,1
766,TEST_0766,0,2,3,1
767,TEST_0767,3,0,2,1
768,TEST_0768,0,1,3,2
769,TEST_0769,0,1,2,3
770,TEST_0770,3,1,2,0
771,TEST_0771,3,0,2,1
772,TEST_0772,1,2,3,0
773,TEST_0773,0,1,2,3
774,TEST_0774,3,0,1,2
775,TEST_0775,3,1,2,0
776,TEST_0776,3,0,2,1
777,TEST_0777,0,1,3,2
778,TEST_0778,0,3,2,1
779,TEST_0779,2,1,0,3
780,TEST_0780,0,3,2,1
781,TEST_0781,2,0,1,3
782,TEST_0782,3,0,2,1
783,TEST_0783,0,1,2,3
784,TEST_0784,1,3,2,0
785,TEST_0785,1,0,3,2
786,TEST_0786,0,1,3,2
787,TEST_0787,0,1,2,3
788,TEST_0788,0,1,2,3
789,TEST_0789,0,3,1,2
790,TEST_0790,2,3,0,1
791,TEST_0791,3,1,2,0
792,TEST_0792,2,0,3,1
793,TEST_0793,0,1,3,2
794,TEST_0794,0,3,2,1
795,TEST_0795,2,0,3,1
796,TEST_0796,2,1,3,0
797,TEST_0797,0,1,2,3
798,TEST_0798,0,2,3,1
799,TEST_0799,0,2,1,3
800,TEST_0800,0,1,2,3
801,TEST_0801,2,1,3,0
802,TEST_0802,3,0,2,1
803,TEST_0803,3,0,2,1
804,TEST_0804,1,3,2,0
805,TEST_0805,1,3,0,2
806,TEST_0806,3,0,1,2
807,TEST_0807,2,3,0,1
808,TEST_0808,2,3,1,0
809,TEST_0809,0,3,1,2
810,TEST_0810,1,2,0,3
811,TEST_0811,0,1,2,3
812,TEST_0812,0,2,1,3
813,TEST_0813,3,1,2,0
814,TEST_0814,2,3,0,1
815,TEST_0815,0,1,2,3
816,TEST_0816,0,1,3,2
817,TEST_0817,3,0,2,1
818,TEST_0818,2,3,0,1
819,TEST_0819,0,1,3,2
820,TEST_0820,0,3,1,2
821,TEST_0821,2,3,0,1
822,TEST_0822,0,3,1,2
823,TEST_0823,0,3,1,2
824,TEST_0824,0,2,3,1
825,TEST_0825,0,1,3,2
826,TEST_0826,3,0,1,2
827,TEST_0827,0,1,2,3
828,TEST_0828,3,0,2,1
829,TEST_0829,0,3,1,2
830,TEST_0830,2,0,1,3
831,TEST_0831,0,1,2,3
832,TEST_0832,3,0,2,1
833,TEST_0833,0,1,2,3
834,TEST_0834,1,3,2,0
835,TEST_0835,0,3,1,2
836,TEST_0836,0,1,2,3
837,TEST_0837,2,0,1,3
838,TEST_0838,0,1,2,3
839,TEST_0839,3,0,1,2
840,TEST_0840,0,1,3,2
841,TEST_0841,0,3,1,2
842,TEST_0842,3,1,2,0
843,TEST_0843,1,2,0,3
844,TEST_0844,0,1,2,3
845,TEST_0845,0,3,1,2
846,TEST_0846,0,1,3,2
847,TEST_0847,0,1,2,3
848,TEST_0848,0,1,3,2
849,TEST_0849,0,3,2,1
850,TEST_0850,0,3,2,1
851,TEST_0851,0,1,2,3
852,TEST_0852,2,3,0,1
853,TEST_0853,2,1,3,0
854,TEST_0854,1,3,0,2
855,TEST_0855,1,0,2,3
856,TEST_0856,2,1,3,0
857,TEST_0857,2,0,3,1
858,TEST_0858,3,0,1,2
859,TEST_0859,2,3,0,1
860,TEST_0860,0,2,1,3
861,TEST_0861,0,3,1,2
862,TEST_0862,1,2,0,3
863,TEST_0863,3,1,0,2
864,TEST_0864,1,2,3,0
865,TEST_0865,2,3,0,1
866,TEST_0866,1,0,3,2
867,TEST_0867,2,3,0,1
868,TEST_0868,1,0,3,2
869,TEST_0869,3,0,2,1
870,TEST_0870,2,3,0,1
871,TEST_0871,1,2,3,0
872,TEST_0872,1,2,0,3
873,TEST_0873,1,0,2,3
874,TEST_0874,0,2,3,1
875,TEST_0875,0,3,1,2
876,TEST_0876,1,2,3,0
877,TEST_0877,2,0,1,3
878,TEST_0878,1,3,0,2
879,TEST_0879,3,0,2,1
880,TEST_0880,1,0,2,3
881,TEST_0881,0,1,2,3
882,TEST_0882,3,0,1,2
883,TEST_0883,2,3,0,1
884,TEST_0884,1,0,2,3
885,TEST_0885,0,1,2,3
886,TEST_0886,0,1,3,2
887,TEST_0887,0,2,3,1
888,TEST_0888,2,1,0,3
889,TEST_0889,0,1,3,2
890,TEST_0890,0,2,1,3
891,TEST_0891,2,0,1,3
892,TEST_0892,0,1,2,3
893,TEST_0893,0,1,2,3
894,TEST_0894,1,3,0,2
895,TEST_0895,0,2,1,3
896,TEST_0896,3,1,0,2
897,TEST_0897,0,1,3,2
898,TEST_0898,1,0,2,3
899,TEST_0899,1,3,2,0
900,TEST_0900,2,3,1,0
901,TEST_0901,3,2,0,1
902,TEST_0902,1,2,0,3
903,TEST_0903,0,2,1,3
904,TEST_0904,3,0,1,2
905,TEST_0905,0,1,2,3
906,TEST_0906,1,0,2,3
907,TEST_0907,0,1,2,3
908,TEST_0908,3,0,1,2
909,TEST_0909,0,1,2,3
910,TEST_0910,3,0,1,2
911,TEST_0911,1,0,2,3
912,TEST_0912,0,3,1,2
913,TEST_0913,0,1,2,3
914,TEST_0914,0,3,1,2
915,TEST_0915,3,0,2,1
916,TEST_0916,2,1,0,3
917,TEST_0917,1,3,2,0
918,TEST_0918,1,3,0,2
919,TEST_0919,1,3,0,2
920,TEST_0920,3,0,1,2
921,TEST_0921,0,1,2,3
922,TEST_0922,0,2,3,1
923,TEST_0923,3,0,2,1
924,TEST_0924,0,1,2,3
925,TEST_0925,0,1,3,2
926,TEST_0926,0,1,2,3
927,TEST_0927,2,3,0,1
928,TEST_0928,1,0,3,2
929,TEST_0929,1,2,3,0
930,TEST_0930,2,0,3,1
931,TEST_0931,3,0,2,1
932,TEST_0932,0,2,3,1
933,TEST_0933,0,1,3,2
934,TEST_0934,0,3,1,2
935,TEST_0935,0,3,1,2
936,TEST_0936,3,1,2,0
937,TEST_0937,0,3,2,1
938,TEST_0938,0,1,2,3
939,TEST_0939,1,3,0,2
940,TEST_0940,0,1,2,3
941,TEST_0941,3,1,0,2
942,TEST_0942,2,1,3,0
943,TEST_0943,2,3,0,1
944,TEST_0944,1,2,3,0
945,TEST_0945,0,1,3,2
946,TEST_0946,1,2,0,3
947,TEST_0947,0,3,1,2
948,TEST_0948,0,3,2,1
949,TEST_0949,0,1,3,2
950,TEST_0950,1,3,0,2
951,TEST_0951,0,1,3,2
952,TEST_0952,0,1,3,2
953,TEST_0953,1,0,2,3
954,TEST_0954,0,2,3,1
955,TEST_0955,0,1,2,3
956,TEST_0956,1,2,3,0
957,TEST_0957,3,1,0,2
958,TEST_0958,0,1,2,3
959,TEST_0959,1,2,0,3
960,TEST_0960,0,1,3,2
961,TEST_0961,0,1,2,3
962,TEST_0962,2,1,0,3
963,TEST_0963,3,2,1,0
964,TEST_0964,0,1,2,3
965,TEST_0965,1,0,3,2
966,TEST_0966,3,2,0,1
967,TEST_0967,0,3,1,2
968,TEST_0968,0,1,3,2
969,TEST_0969,3,0,1,2
970,TEST_0970,0,2,1,3
971,TEST_0971,2,1,0,3
972,TEST_0972,2,1,3,0
973,TEST_0973,2,3,0,1
974,TEST_0974,0,2,1,3
975,TEST_0975,1,2,3,0
976,TEST_0976,3,0,1,2
977,TEST_0977,2,3,1,0
978,TEST_0978,2,0,1,3
979,TEST_0979,1,0,2,3
980,TEST_0980,2,0,1,3
981,TEST_0981,0,1,2,3
982,TEST_0982,0,1,2,3
983,TEST_0983,1,0,3,2
984,TEST_0984,1,0,3,2
985,TEST_0985,0,2,1,3
986,TEST_0986,0,1,3,2
987,TEST_0987,0,1,3,2
988,TEST_0988,0,1,2,3
989,TEST_0989,1,2,0,3
990,TEST_0990,2,3,0,1
991,TEST_0991,0,2,3,1
992,TEST_0992,0,3,1,2
993,TEST_0993,1,0,2,3
994,TEST_0994,2,0,1,3
995,TEST_0995,3,0,1,2
996,TEST_0996,2,3,0,1
997,TEST_0997,0,3,1,2
998,TEST_0998,2,3,0,1
999,TEST_0999,2,3,0,1
1000,TEST_1000,1,2,3,0
1001,TEST_1001,1,3,0,2
1002,TEST_1002,3,0,2,1
1003,TEST_1003,0,1,3,2
1004,TEST_1004,0,3,1,2
1005,TEST_1005,0,1,2,3
1006,TEST_1006,0,2,1,3
1007,TEST_1007,2,0,1,3
1008,TEST_1008,0,3,2,1
1009,TEST_1009,0,1,3,2
1010,TEST_1010,0,1,2,3
1011,TEST_1011,3,1,2,0
1012,TEST_1012,0,1,2,3
1013,TEST_1013,0,1,2,3
1014,TEST_1014,0,1,3,2
1015,TEST_1015,1,2,3,0
1016,TEST_1016,2,1,3,0
1017,TEST_1017,1,0,3,2
1018,TEST_1018,3,0,1,2
1019,TEST_1019,1,2,0,3
1020,TEST_1020,3,2,1,0
1021,TEST_1021,0,1,3,2
1022,TEST_1022,0,1,2,3
1023,TEST_1023,0,1,2,3
1024,TEST_1024,2,1,0,3
1025,TEST_1025,2,0,1,3
1026,TEST_1026,0,2,3,1
1027,TEST_1027,0,2,3,1
1028,TEST_1028,1,2,0,3
1029,TEST_1029,1,0,2,3
1030,TEST_1030,1,3,2,0
1031,TEST_1031,0,1,2,3
1032,TEST_1032,0,2,3,1
1033,TEST_1033,3,0,1,2
1034,TEST_1034,0,2,3,1
1035,TEST_1035,0,3,1,2
1036,TEST_1036,0,2,3,1
1037,TEST_1037,1,0,3,2
1038,TEST_1038,3,2,1,0
1039,TEST_1039,2,3,1,0
1040,TEST_1040,2,1,0,3
1041,TEST_1041,2,1,3,0
1042,TEST_1042,0,1,2,3
1043,TEST_1043,1,3,2,0
1044,TEST_1044,1,0,3,2
1045,TEST_1045,0,1,2,3
1046,TEST_1046,0,1,3,2
1047,TEST_1047,0,1,2,3
1048,TEST_1048,3,0,1,2
1049,TEST_1049,2,0,1,3
1050,TEST_1050,0,2,3,1
1051,TEST_1051,1,2,0,3
1052,TEST_1052,3,1,2,0
1053,TEST_1053,3,0,2,1
1054,TEST_1054,2,0,3,1
1055,TEST_1055,0,3,2,1
1056,TEST_1056,0,2,3,1
1057,TEST_1057,0,1,2,3
1058,TEST_1058,2,0,1,3
1059,TEST_1059,0,2,3,1
1060,TEST_1060,3,0,2,1
1061,TEST_1061,3,0,1,2
1062,TEST_1062,2,1,3,0
1063,TEST_1063,3,0,2,1
1064,TEST_1064,1,3,0,2
1065,TEST_1065,3,0,2,1
1066,TEST_1066,0,1,2,3
1067,TEST_1067,3,1,2,0
1068,TEST_1068,0,1,3,2
1069,TEST_1069,0,2,3,1
1070,TEST_1070,0,1,2,3
1071,TEST_1071,0,3,1,2
1072,TEST_1072,0,2,1,3
1073,TEST_1073,0,1,2,3
1074,TEST_1074,1,0,2,3
1075,TEST_1075,0,1,2,3
1076,TEST_1076,2,3,0,1
1077,TEST_1077,1,3,0,2
1078,TEST_1078,3,0,2,1
1079,TEST_1079,2,3,0,1
1080,TEST_1080,0,1,3,2
1081,TEST_1081,0,2,3,1
1082,TEST_1082,0,1,3,2
1083,TEST_1083,2,3,1,0
1084,TEST_1084,0,3,1,2
1085,TEST_1085,1,0,3,2
1086,TEST_1086,3,0,1,2
1087,TEST_1087,3,0,2,1
1088,TEST_1088,2,3,1,0
1089,TEST_1089,0,3,2,1
1090,TEST_1090,0,3,2,1
1091,TEST_1091,3,0,2,1
1092,TEST_1092,0,1,2,3
1093,TEST_1093,0,2,3,1
1094,TEST_1094,1,2,3,0
1095,TEST_1095,1,2,3,0
1096,TEST_1096,3,0,2,1
1097,TEST_1097,1,3,0,2
1098,TEST_1098,0,3,1,2
1099,TEST_1099,2,1,3,0
1100,TEST_1100,0,1,3,2
1101,TEST_1101,0,3,2,1
1102,TEST_1102,1,0,2,3
1103,TEST_1103,1,0,3,2
1104,TEST_1104,2,0,3,1
1105,TEST_1105,1,2,0,3
1106,TEST_1106,3,0,1,2
1107,TEST_1107,0,2,1,3
1108,TEST_1108,0,2,1,3
1109,TEST_1109,0,2,3,1
1110,TEST_1110,2,1,3,0
1111,TEST_1111,0,1,2,3
1112,TEST_1112,2,3,1,0
1113,TEST_1113,1,2,0,3
1114,TEST_1114,0,3,1,2
1115,TEST_1115,0,1,3,2
1116,TEST_1116,3,2,0,1
1117,TEST_1117,1,0,2,3
1118,TEST_1118,0,1,2,3
1119,TEST_1119,2,3,1,0
1120,TEST_1120,3,0,1,2
1121,TEST_1121,0,3,2,1
1122,TEST_1122,2,3,1,0
1123,TEST_1123,0,2,1,3
1124,TEST_1124,0,3,2,1
1125,TEST_1125,1,2,3,0
1126,TEST_1126,0,3,1,2
1127,TEST_1127,2,1,0,3
1128,TEST_1128,0,1,2,3
1129,TEST_1129,0,1,2,3
1130,TEST_1130,0,1,2,3
1131,TEST_1131,0,2,3,1
1132,TEST_1132,2,1,3,0
1133,TEST_1133,3,0,2,1
1134,TEST_1134,0,3,2,1
1135,TEST_1135,3,2,0,1
1136,TEST_1136,0,1,2,3
1137,TEST_1137,1,2,0,3
1138,TEST_1138,1,3,0,2
1139,TEST_1139,1,0,3,2
1140,TEST_1140,0,2,3,1
1141,TEST_1141,2,0,1,3
1142,TEST_1142,1,2,3,0
1143,TEST_1143,3,2,0,1
1144,TEST_1144,0,1,3,2
1145,TEST_1145,3,0,2,1
1146,TEST_1146,1,2,3,0
1147,TEST_1147,0,1,2,3
1148,TEST_1148,0,1,3,2
1149,TEST_1149,0,1,2,3
1150,TEST_1150,3,1,2,0
1151,TEST_1151,2,0,1,3
1152,TEST_1152,0,1,2,3
1153,TEST_1153,0,2,1,3
1154,TEST_1154,0,1,2,3
1155,TEST_1155,0,1,2,3
1156,TEST_1156,1,3,2,0
1157,TEST_1157,3,1,2,0
1158,TEST_1158,0,1,2,3
1159,TEST_1159,3,0,2,1
1160,TEST_1160,2,3,0,1
1161,TEST_1161,3,0,1,2
1162,TEST_1162,2,3,0,1
1163,TEST_1163,0,1,3,2
1164,TEST_1164,3,1,2,0
1165,TEST_1165,0,1,3,2
1166,TEST_1166,2,3,0,1
1167,TEST_1167,3,1,2,0
1168,TEST_1168,2,3,1,0
1169,TEST_1169,1,2,0,3
1170,TEST_1170,0,2,1,3
1171,TEST_1171,0,2,1,3
1172,TEST_1172,0,1,3,2
1173,TEST_1173,0,1,2,3
1174,TEST_1174,3,2,0,1
1175,TEST_1175,1,0,2,3
1176,TEST_1176,2,0,1,3
1177,TEST_1177,1,0,2,3
1178,TEST_1178,0,1,3,2
1179,TEST_1179,0,1,2,3
1180,TEST_1180,0,1,3,2
1181,TEST_1181,2,0,3,1
1182,TEST_1182,3,0,1,2
1183,TEST_1183,2,1,0,3
1184,TEST_1184,0,1,3,2
1185,TEST_1185,0,3,1,2
1186,TEST_1186,0,3,1,2
1187,TEST_1187,3,0,1,2
1188,TEST_1188,1,0,2,3
1189,TEST_1189,3,2,1,0
1190,TEST_1190,3,2,1,0
1191,TEST_1191,2,3,0,1
1192,TEST_1192,0,2,1,3
1193,TEST_1193,2,1,0,3
1194,TEST_1194,0,3,2,1
1195,TEST_1195,0,2,1,3
1196,TEST_1196,0,1,2,3
1197,TEST_1197,1,0,2,3
1198,TEST_1198,2,0,1,3
1199,TEST_1199,3,0,2,1
1200,TEST_1200,2,3,0,1
1201,TEST_1201,2,1,3,0
1202,TEST_1202,2,0,1,3
1203,TEST_1203,0,3,2,1
1204,TEST_1204,3,2,0,1
1205,TEST_1205,1,3,0,2
1206,TEST_1206,2,0,3,1
1207,TEST_1207,1,2,3,0
1208,TEST_1208,0,3,2,1
1209,TEST_1209,0,3,2,1
1210,TEST_1210,3,1,0,2
1211,TEST_1211,0,1,3,2
1212,TEST_1212,0,1,2,3
1213,TEST_1213,0,1,2,3
1214,TEST_1214,1,0,3,2
1215,TEST_1215,0,3,2,1
1216,TEST_1216,0,3,2,1
1217,TEST_1217,3,0,2,1
1218,TEST_1218,0,1,2,3
1219,TEST_1219,1,3,2,0
1220,TEST_1220,2,3,1,0
1221,TEST_1221,3,0,2,1
1222,TEST_1222,2,3,0,1
1223,TEST_1223,2,3,0,1
1224,TEST_1224,3,2,0,1
1225,TEST_1225,1,0,2,3
1226,TEST_1226,3,0,2,1
1227,TEST_1227,0,2,1,3
1228,TEST_1228,2,0,1,3
1229,TEST_1229,0,1,3,2
1230,TEST_1230,2,3,1,0
1231,TEST_1231,1,2,3,0
1232,TEST_1232,2,0,1,3
1233,TEST_1233,3,0,2,1
1234,TEST_1234,2,3,0,1
1235,TEST_1235,3,0,1,2
1236,TEST_1236,0,1,3,2
1237,TEST_1237,0,3,1,2
1238,TEST_1238,3,1,2,0
1239,TEST_1239,1,0,3,2
1240,TEST_1240,0,1,2,3
1241,TEST_1241,3,0,1,2
1242,TEST_1242,0,2,3,1
1243,TEST_1243,0,2,3,1
1244,TEST_1244,0,1,3,2
1245,TEST_1245,1,0,2,3
1246,TEST_1246,1,0,2,3
1247,TEST_1247,0,1,3,2
1248,TEST_1248,0,2,1,3
1249,TEST_1249,0,3,2,1
1250,TEST_1250,1,2,0,3
1251,TEST_1251,1,2,3,0
1252,TEST_1252,1,0,3,2
1253,TEST_1253,3,0,2,1
1254,TEST_1254,3,1,0,2
1255,TEST_1255,2,0,3,1
1256,TEST_1256,0,1,3,2
1257,TEST_1257,3,0,2,1
1258,TEST_1258,2,1,3,0
1259,TEST_1259,0,3,2,1
1260,TEST_1260,0,3,1,2
1261,TEST_1261,0,1,2,3
1262,TEST_1262,0,3,2,1
1263,TEST_1263,0,1,2,3
1264,TEST_1264,0,3,2,1
1265,TEST_1265,0,2,1,3
1266,TEST_1266,0,2,1,3
1267,TEST_1267,3,0,1,2
1268,TEST_1268,0,3,1,2
1269,TEST_1269,2,0,1,3
1270,TEST_1270,3,0,1,2
1271,TEST_1271,2,0,1,3
1272,TEST_1272,0,1,3,2
1273,TEST_1273,0,1,2,3
1274,TEST_1274,2,3,0,1
1275,TEST_1275,3,1,2,0
1276,TEST_1276,1,0,3,2
1277,TEST_1277,3,0,2,1
1278,TEST_1278,1,3,0,2
1279,TEST_1279,3,0,1,2
1280,TEST_1280,0,1,2,3
1281,TEST_1281,1,0,2,3
1282,TEST_1282,0,1,2,3
1283,TEST_1283,2,1,3,0
1284,TEST_1284,1,0,3,2
1285,TEST_1285,2,0,3,1
1286,TEST_1286,3,0,1,2
1287,TEST_1287,3,0,1,2
1288,TEST_1288,0,2,1,3
1289,TEST_1289,3,2,1,0
1290,TEST_1290,0,2,3,1
1291,TEST_1291,1,2,0,3
1292,TEST_1292,1,0,2,3
1293,TEST_1293,0,1,2,3
1294,TEST_1294,2,0,1,3
1295,TEST_1295,0,1,2,3
1296,TEST_1296,1,2,0,3
1297,TEST_1297,0,3,2,1
1298,TEST_1298,0,2,1,3
1299,TEST_1299,1,2,3,0
1300,TEST_1300,1,3,0,2
1301,TEST_1301,1,3,0,2
1302,TEST_1302,1,3,0,2
1303,TEST_1303,1,3,0,2
1304,TEST_1304,3,0,2,1
1305,TEST_1305,2,3,1,0
1306,TEST_1306,1,2,3,0
1307,TEST_1307,0,2,3,1
1308,TEST_1308,0,2,1,3
1309,TEST_1309,3,0,2,1
1310,TEST_1310,0,3,2,1
1311,TEST_1311,0,3,2,1
1312,TEST_1312,1,0,2,3
1313,TEST_1313,3,1,2,0
1314,TEST_1314,2,0,1,3
1315,TEST_1315,1,2,0,3
1316,TEST_1316,0,1,2,3
1317,TEST_1317,3,0,2,1
1318,TEST_1318,3,0,2,1
1319,TEST_1319,2,0,3,1
1320,TEST_1320,0,1,3,2
1321,TEST_1321,3,1,2,0
1322,TEST_1322,1,2,0,3
1323,TEST_1323,3,0,2,1
1324,TEST_1324,2,0,3,1
1325,TEST_1325,2,0,3,1
1326,TEST_1326,0,2,3,1
1327,TEST_1327,2,0,1,3
1328,TEST_1328,2,1,3,0
1329,TEST_1329,3,1,2,0
1330,TEST_1330,1,3,0,2
1331,TEST_1331,1,3,0,2
1332,TEST_1332,3,0,2,1
1333,TEST_1333,0,2,1,3
1334,TEST_1334,0,1,2,3
1335,TEST_1335,3,2,1,0
1336,TEST_1336,0,1,2,3
1337,TEST_1337,1,2,0,3
1338,TEST_1338,2,3,0,1
1339,TEST_1339,3,2,1,0
1340,TEST_1340,0,2,1,3
1341,TEST_1341,0,1,3,2
1342,TEST_1342,1,2,3,0
1343,TEST_1343,1,0,3,2
1344,TEST_1344,0,2,3,1
1345,TEST_1345,2,3,0,1
1346,TEST_1346,1,0,2,3
1347,TEST_1347,1,2,3,0
1348,TEST_1348,1,2,0,3
1349,TEST_1349,2,1,3,0
1350,TEST_1350,2,0,3,1
1351,TEST_1351,0,3,1,2
1352,TEST_1352,2,0,3,1
1353,TEST_1353,2,0,1,3
1354,TEST_1354,2,0,1,3
1355,TEST_1355,0,3,1,2
1356,TEST_1356,0,1,3,2
1357,TEST_1357,0,1,2,3
1358,TEST_1358,3,0,2,1
1359,TEST_1359,0,1,3,2
1360,TEST_1360,3,0,2,1
1361,TEST_1361,0,2,3,1
1362,TEST_1362,0,2,1,3
1363,TEST_1363,3,0,2,1
1364,TEST_1364,1,0,2,3
1365,TEST_1365,1,2,0,3
1366,TEST_1366,1,0,2,3
1367,TEST_1367,2,1,0,3
1368,TEST_1368,0,2,1,3
1369,TEST_1369,1,2,0,3
1370,TEST_1370,0,3,1,2
1371,TEST_1371,0,3,1,2
1372,TEST_1372,1,0,3,2
1373,TEST_1373,3,0,1,2
1374,TEST_1374,2,0,3,1
1375,TEST_1375,0,3,1,2
1376,TEST_1376,0,2,3,1
1377,TEST_1377,3,0,1,2
1378,TEST_1378,0,2,3,1
1379,TEST_1379,2,1,0,3
1380,TEST_1380,0,1,2,3
1381,TEST_1381,0,1,2,3
1382,TEST_1382,2,3,0,1
1383,TEST_1383,1,0,2,3
1384,TEST_1384,0,2,3,1
1385,TEST_1385,0,3,1,2
1386,TEST_1386,0,2,3,1
1387,TEST_1387,2,0,1,3
1388,TEST_1388,1,0,2,3
1389,TEST_1389,1,2,0,3
1390,TEST_1390,0,3,2,1
1391,TEST_1391,1,0,3,2
1392,TEST_1392,0,1,2,3
1393,TEST_1393,0,1,2,3
1394,TEST_1394,0,2,3,1
1395,TEST_1395,3,1,0,2
1396,TEST_1396,1,0,3,2
1397,TEST_1397,1,2,3,0
1398,TEST_1398,0,3,1,2
1399,TEST_1399,2,3,0,1
1400,TEST_1400,0,3,1,2
1401,TEST_1401,1,3,2,0
1402,TEST_1402,3,0,1,2
1403,TEST_1403,3,1,0,2
1404,TEST_1404,1,0,3,2
1405,TEST_1405,1,3,0,2
1406,TEST_1406,3,0,2,1
1407,TEST_1407,1,3,0,2
1408,TEST_1408,0,3,1,2
1409,TEST_1409,0,3,2,1
1410,TEST_1410,2,3,1,0
1411,TEST_1411,3,0,1,2
1412,TEST_1412,0,3,1,2
1413,TEST_1413,0,3,1,2
1414,TEST_1414,0,3,1,2
1415,TEST_1415,3,0,2,1
1416,TEST_1416,3,0,2,1
1417,TEST_1417,2,1,3,0
1418,TEST_1418,1,0,2,3
1419,TEST_1419,1,2,0,3
1420,TEST_1420,1,0,2,3
1421,TEST_1421,2,3,0,1
1422,TEST_1422,1,0,2,3
1423,TEST_1423,0,2,1,3
1424,TEST_1424,1,2,3,0
1425,TEST_1425,1,3,0,2
1426,TEST_1426,2,3,0,1
1427,TEST_1427,0,3,2,1
1428,TEST_1428,0,3,2,1
1429,TEST_1429,0,2,1,3
1430,TEST_1430,3,1,2,0
1431,TEST_1431,2,0,3,1
1432,TEST_1432,3,0,1,2
1433,TEST_1433,1,2,3,0
1434,TEST_1434,0,1,3,2
1435,TEST_1435,0,1,2,3
1436,TEST_1436,2,3,1,0
1437,TEST_1437,1,0,2,3
1438,TEST_1438,3,0,2,1
1439,TEST_1439,3,0,2,1
1440,TEST_1440,3,1,2,0
1441,TEST_1441,3,0,2,1
1442,TEST_1442,0,2,1,3
1443,TEST_1443,0,2,3,1
1444,TEST_1444,2,1,3,0
1445,TEST_1445,1,0,2,3
1446,TEST_1446,0,1,2,3
1447,TEST_1447,3,1,2,0
1448,TEST_1448,0,2,3,1
1449,TEST_1449,0,1,2,3
1450,TEST_1450,0,1,3,2
1451,TEST_1451,1,2,3,0
1452,TEST_1452,0,3,2,1
1453,TEST_1453,0,3,2,1
1454,TEST_1454,0,1,2,3
1455,TEST_1455,0,3,2,1
1456,TEST_1456,3,0,1,2
1457,TEST_1457,3,0,1,2
1458,TEST_1458,1,2,3,0
1459,TEST_1459,2,0,3,1
1460,TEST_1460,0,2,1,3
1461,TEST_1461,2,3,0,1
1462,TEST_1462,0,1,3,2
1463,TEST_1463,1,2,3,0
1464,TEST_1464,1,3,0,2
1465,TEST_1465,1,3,2,0
1466,TEST_1466,3,1,0,2
1467,TEST_1467,3,0,2,1
1468,TEST_1468,0,2,1,3
1469,TEST_1469,0,1,2,3
1470,TEST_1470,1,0,2,3
1471,TEST_1471,2,0,1,3
1472,TEST_1472,0,1,2,3
1473,TEST_1473,3,0,2,1
1474,TEST_1474,3,0,1,2
1475,TEST_1475,0,1,3,2
1476,TEST_1476,1,0,3,2
1477,TEST_1477,1,0,3,2
1478,TEST_1478,0,2,1,3
1479,TEST_1479,2,3,1,0
1480,TEST_1480,3,0,2,1
1481,TEST_1481,1,2,0,3
1482,TEST_1482,0,2,3,1
1483,TEST_1483,1,0,3,2
1484,TEST_1484,0,1,3,2
1485,TEST_1485,0,1,3,2
1486,TEST_1486,0,1,2,3
1487,TEST_1487,0,1,3,2
1488,TEST_1488,0,3,2,1
1489,TEST_1489,1,0,3,2
1490,TEST_1490,0,1,2,3
1491,TEST_1491,0,1,3,2
1492,TEST_1492,0,3,1,2
1493,TEST_1493,1,0,2,3
1494,TEST_1494,0,3,2,1
1495,TEST_1495,3,0,1,2
1496,TEST_1496,3,0,1,2
1497,TEST_1497,0,3,1,2
1498,TEST_1498,1,2,3,0
1499,TEST_1499,1,3,0,2
1500,TEST_1500,3,1,0,2
1501,TEST_1501,2,0,3,1
1502,TEST_1502,0,1,3,2
1503,TEST_1503,2,0,3,1
1504,TEST_1504,2,0,3,1
1505,TEST_1505,0,1,3,2
1506,TEST_1506,1,0,2,3
1507,TEST_1507,3,0,2,1
1508,TEST_1508,3,0,1,2
1509,TEST_1509,2,1,3,0
1510,TEST_1510,1,3,0,2
1511,TEST_1511,3,1,2,0
1512,TEST_1512,0,1,2,3
1513,TEST_1513,1,2,0,3
1514,TEST_1514,3,0,2,1
1515,TEST_1515,0,3,1,2
1516,TEST_1516,1,2,0,3
1517,TEST_1517,0,1,2,3
1518,TEST_1518,0,1,3,2
1519,TEST_1519,2,0,3,1
1520,TEST_1520,0,1,3,2
1521,TEST_1521,3,0,2,1
1522,TEST_1522,3,0,2,1
1523,TEST_1523,1,2,3,0
1524,TEST_1524,1,2,3,0
1525,TEST_1525,0,1,3,2
1526,TEST_1526,0,1,2,3
1527,TEST_1527,0,1,2,3
1528,TEST_1528,2,3,0,1
1529,TEST_1529,0,3,1,2
1530,TEST_1530,0,1,3,2
1531,TEST_1531,3,0,2,1
1532,TEST_1532,0,3,1,2
1533,TEST_1533,0,1,3,2
1534,TEST_1534,1,0,3,2
1535,TEST_1535,0,1,3,2
1536,TEST_1536,3,0,1,2
1537,TEST_1537,2,3,0,1
1538,TEST_1538,1,3,2,0
1539,TEST_1539,1,0,2,3
1540,TEST_1540,2,1,0,3
1541,TEST_1541,0,1,2,3
1542,TEST_1542,0,2,3,1
1543,TEST_1543,2,3,0,1
1544,TEST_1544,2,3,0,1
1545,TEST_1545,3,2,0,1
1546,TEST_1546,0,3,2,1
1547,TEST_1547,0,2,3,1
1548,TEST_1548,0,1,2,3
1549,TEST_1549,0,2,3,1
1550,TEST_1550,2,0,1,3
1551,TEST_1551,2,0,3,1
1552,TEST_1552,0,2,3,1
1553,TEST_1553,0,1,2,3
1554,TEST_1554,1,3,0,2
1555,TEST_1555,0,1,2,3
1556,TEST_1556,2,3,1,0
1557,TEST_1557,0,3,1,2
1558,TEST_1558,1,2,3,0
1559,TEST_1559,0,1,2,3
1560,TEST_1560,2,3,1,0
1561,TEST_1561,0,0,0,0
1562,TEST_1562,1,3,2,0
1563,TEST_1563,0,1,2,3
1564,TEST_1564,2,1,3,0
1565,TEST_1565,0,3,2,1
1566,TEST_1566,3,0,2,1
1567,TEST_1567,1,2,0,3
1568,TEST_1568,1,3,0,2
1569,TEST_1569,0,3,1,2
1570,TEST_1570,1,2,0,3
1571,TEST_1571,3,0,1,2
1572,TEST_1572,0,1,2,3
1573,TEST_1573,1,2,3,0
1574,TEST_1574,0,3,2,1
1575,TEST_1575,2,0,3,1
1576,TEST_1576,0,3,2,1
1577,TEST_1577,3,0,1,2
1578,TEST_1578,1,2,3,0
1579,TEST_1579,1,0,3,2
1580,TEST_1580,3,2,0,1
1581,TEST_1581,0,1,2,3
1582,TEST_1582,0,1,3,2
1583,TEST_1583,3,0,2,1
1584,TEST_1584,3,0,2,1
1585,TEST_1585,1,2,3,0
1586,TEST_1586,0,2,1,3
1587,TEST_1587,3,1,0,2
1588,TEST_1588,2,1,3,0
1589,TEST_1589,3,0,1,2
1590,TEST_1590,0,1,2,3
1591,TEST_1591,1,0,3,2
1592,TEST_1592,0,1,3,2
1593,TEST_1593,1,0,2,3
1594,TEST_1594,0,3,2,1
1595,TEST_1595,2,0,3,1
1596,TEST_1596,0,3,1,2
1597,TEST_1597,0,2,3,1
1598,TEST_1598,3,0,1,2
1599,TEST_1599,2,3,0,1
1600,TEST_1600,1,0,3,2
1601,TEST_1601,0,1,2,3
1602,TEST_1602,0,3,1,2
1603,TEST_1603,1,3,0,2
1604,TEST_1604,3,1,0,2
1605,TEST_1605,3,2,0,1
1606,TEST_1606,0,1,2,3
1607,TEST_1607,3,2,0,1
1608,TEST_1608,3,1,2,0
1609,TEST_1609,1,2,3,0
1610,TEST_1610,1,0,2,3
1611,TEST_1611,0,1,2,3
1612,TEST_1612,1,0,3,2
1613,TEST_1613,0,1,3,2
1614,TEST_1614,0,1,2,3
1615,TEST_1615,0,1,3,2
1616,TEST_1616,2,1,3,0
1617,TEST_1617,0,1,3,2
1618,TEST_1618,0,1,3,2
1619,TEST_1619,2,0,3,1
1620,TEST_1620,2,0,3,1
1621,TEST_1621,0,3,2,1
1622,TEST_1622,0,1,3,2
1623,TEST_1623,0,1,3,2
1624,TEST_1624,2,0,3,1
1625,TEST_1625,3,0,2,1
1626,TEST_1626,0,2,3,1
1627,TEST_1627,2,3,1,0
1628,TEST_1628,2,0,3,1
1629,TEST_1629,0,3,1,2
1630,TEST_1630,0,2,1,3
1631,TEST_1631,0,2,3,1
1632,TEST_1632,3,0,1,2
1633,TEST_1633,3,0,1,2
1634,TEST_1634,0,1,3,2
1635,TEST_1635,0,1,2,3
1636,TEST_1636,1,3,0,2
1637,TEST_1637,0,2,1,3
1638,TEST_1638,2,0,3,1
1639,TEST_1639,3,0,2,1
1640,TEST_1640,0,2,1,3
1641,TEST_1641,2,3,0,1
1642,TEST_1642,0,1,2,3
1643,TEST_1643,2,0,3,1
1644,TEST_1644,0,2,3,1
1645,TEST_1645,0,1,3,2
1646,TEST_1646,0,2,3,1
1647,TEST_1647,0,1,2,3
1648,TEST_1648,0,3,2,1
1649,TEST_1649,2,0,3,1
1650,TEST_1650,0,1,2,3
1651,TEST_1651,1,3,0,2
1652,TEST_1652,1,2,0,3
1653,TEST_1653,0,1,3,2
1654,TEST_1654,0,1,2,3
1655,TEST_1655,2,3,0,1
1656,TEST_1656,3,1,2,0
1657,TEST_1657,0,1,2,3
1658,TEST_1658,0,2,1,3
1659,TEST_1659,0,3,1,2
1660,TEST_1660,0,1,2,3
1661,TEST_1661,0,1,2,3
1662,TEST_1662,2,0,3,1
1663,TEST_1663,3,0,2,1
1664,TEST_1664,0,2,3,1
1665,TEST_1665,3,0,2,1
1666,TEST_1666,0,2,1,3
1667,TEST_1667,1,3,0,2
1668,TEST_1668,3,0,1,2
1669,TEST_1669,3,0,1,2
1670,TEST_1670,2,3,0,1
1671,TEST_1671,0,1,3,2
1672,TEST_1672,2,3,0,1
1673,TEST_1673,3,1,0,2
1674,TEST_1674,0,1,2,3
1675,TEST_1675,3,2,1,0
1676,TEST_1676,3,0,1,2
1677,TEST_1677,0,3,1,2
1678,TEST_1678,2,0,1,3
1679,TEST_1679,0,1,2,3
1680,TEST_1680,2,3,0,1
1681,TEST_1681,0,2,1,3
1682,TEST_1682,3,2,1,0
1683,TEST_1683,3,0,1,2
1684,TEST_1684,0,3,1,2
1685,TEST_1685,2,0,3,1
1686,TEST_1686,3,0,1,2
1687,TEST_1687,3,0,1,2
1688,TEST_1688,1,3,0,2
1689,TEST_1689,1,3,0,2
1690,TEST_1690,2,3,1,0
1691,TEST_1691,0,2,3,1
1692,TEST_1692,0,1,2,3
1693,TEST_1693,1,3,0,2
1694,TEST_1694,3,0,2,1
1695,TEST_1695,0,1,3,2
1696,TEST_1696,3,0,1,2
1697,TEST_1697,0,1,3,2
1698,TEST_1698,0,1,3,2
1699,TEST_1699,2,0,3,1
1700,TEST_1700,0,2,1,3
1701,TEST_1701,0,1,2,3
1702,TEST_1702,0,3,2,1
1703,TEST_1703,2,0,1,3
1704,TEST_1704,1,3,2,0
1705,TEST_1705,1,2,3,0
1706,TEST_1706,0,3,1,2
1707,TEST_1707,2,3,0,1
1708,TEST_1708,3,0,2,1
1709,TEST_1709,1,2,0,3
1710,TEST_1710,1,2,0,3
1711,TEST_1711,0,1,2,3
1712,TEST_1712,0,1,2,3
1713,TEST_1713,0,2,1,3
1714,TEST_1714,1,3,0,2
1715,TEST_1715,1,2,3,0
1716,TEST_1716,1,2,0,3
1717,TEST_1717,0,3,1,2
1718,TEST_1718,1,3,2,0
1719,TEST_1719,1,0,2,3
1720,TEST_1720,3,0,1,2
1721,TEST_1721,2,3,0,1
1722,TEST_1722,3,2,1,0
1723,TEST_1723,0,3,1,2
1724,TEST_1724,0,2,3,1
1725,TEST_1725,0,1,3,2
1726,TEST_1726,2,0,1,3
1727,TEST_1727,3,1,0,2
1728,TEST_1728,0,1,3,2
1729,TEST_1729,1,3,0,2
1730,TEST_1730,2,0,1,3
1731,TEST_1731,0,2,3,1
1732,TEST_1732,0,1,3,2
1733,TEST_1733,2,3,0,1
1734,TEST_1734,0,2,3,1
1735,TEST_1735,0,1,2,3
1736,TEST_1736,1,0,3,2
1737,TEST_1737,0,1,2,3
1738,TEST_1738,2,3,0,1
1739,TEST_1739,0,2,3,1
1740,TEST_1740,3,1,0,2
1741,TEST_1741,0,3,2,1
1742,TEST_1742,3,1,0,2
1743,TEST_1743,0,1,2,3
1744,TEST_1744,0,1,3,2
1745,TEST_1745,3,0,1,2
1746,TEST_1746,0,1,2,3
1747,TEST_1747,1,0,3,2
1748,TEST_1748,0,1,2,3
1749,TEST_1749,0,1,3,2
1750,TEST_1750,1,0,2,3
1751,TEST_1751,1,3,0,2
1752,TEST_1752,3,1,2,0
1753,TEST_1753,2,0,3,1
1754,TEST_1754,0,2,3,1
1755,TEST_1755,1,2,3,0
1756,TEST_1756,1,2,3,0
1757,TEST_1757,3,0,2,1
1758,TEST_1758,0,1,2,3
1759,TEST_1759,2,0,1,3
1760,TEST_1760,2,0,1,3
1761,TEST_1761,0,2,1,3
1762,TEST_1762,3,0,2,1
1763,TEST_1763,3,0,2,1
1764,TEST_1764,0,1,2,3
1765,TEST_1765,1,2,0,3
1766,TEST_1766,0,2,3,1
1767,TEST_1767,0,1,2,3
1768,TEST_1768,0,1,2,3
1769,TEST_1769,3,0,1,2
1770,TEST_1770,1,3,2,0
1771,TEST_1771,2,3,1,0
1772,TEST_1772,2,3,0,1
1773,TEST_1773,2,3,0,1
1774,TEST_1774,1,2,3,0
1775,TEST_1775,1,3,0,2
1776,TEST_1776,0,1,2,3
1777,TEST_1777,2,3,1,0
1778,TEST_1778,0,1,2,3
1779,TEST_1779,2,0,3,1
